Epoch,step,lr,loss,acc
1,0,0.0005,514.515,0.0524425287356
1,102400,0.0005,3.53734,0.171982758621
1,204800,0.0005,2.9229,0.273850574713
